{"cameraMode":{"drawMode":0,"name":"Shaded","section":"Shading Mode"},"sceneLighting":false,"audioPlay":false,"sceneViewState":{"m_AlwaysRefresh":false,"showFog":true,"showSkybox":false,"showFlares":true,"showImageEffects":true,"showParticleSystems":true,"showVisualEffectGraphs":true,"m_FxEnabled":true},"in2DMode":false,"pivot":{"x":378.12359619140627,"y":166.16326904296876,"z":-52.84587478637695},"rotation":{"x":0.08012735843658447,"y":-0.01673828437924385,"z":0.0015471518272534013,"w":0.9966464638710022},"size":184.90672302246095,"orthographic":false}