{"cameraMode":{"drawMode":0,"name":"Shaded","section":"Shading Mode"},"sceneLighting":false,"audioPlay":false,"sceneViewState":{"m_AlwaysRefresh":false,"showFog":true,"showSkybox":false,"showFlares":true,"showImageEffects":true,"showParticleSystems":true,"showVisualEffectGraphs":true,"m_FxEnabled":true},"in2DMode":false,"pivot":{"x":426.0801696777344,"y":254.67262268066407,"z":-203.55679321289063},"rotation":{"x":0.0011904017301276327,"y":-0.0024036867544054987,"z":-0.0000027134419724461624,"w":-1.0000077486038209},"size":141.18833923339845,"orthographic":false}